Date,ticker,Open,Close,Volume
2026-01-05,AAPL,270.38700744645297,267.0101623535156,45647200
2026-01-06,AAPL,266.7503924619391,262.1147155761719,52352100
2026-01-07,AAPL,262.95395138764474,260.08660888671875,48309800
2026-01-08,AAPL,256.7797203952787,258.7978515625,50419300
2026-01-09,AAPL,258.8377955175017,259.1275329589844,39997000
2026-01-12,AAPL,258.9177364764393,260.0067138671875,45263800
2026-01-13,AAPL,258.4781303943212,260.8059387207031,45730800
2026-01-14,AAPL,259.247418118488,259.71697998046875,40019400
2026-01-15,AAPL,260.40631875644857,257.9685974121094,39388600
2026-01-16,AAPL,257.6589020182799,255.29112243652344,72142800
2026-01-20,AAPL,252.49373739571587,246.46937561035156,80267500
2026-01-21,AAPL,248.46750904444812,247.41848754882812,54641700
2026-01-22,AAPL,248.96703988447874,248.1178436279297,39708300
2026-01-23,AAPL,247.08880782235642,247.80812072753906,41689000
2026-01-26,AAPL,251.24490015634893,255.17123413085938,55969200
2026-01-27,AAPL,258.92771692213245,258.0285339355469,49648300
2026-01-28,AAPL,257.409147241713,256.2002868652344,41288000
2026-01-29,AAPL,257.75880668092503,258.0385437011719,67253000
2026-01-30,AAPL,254.93144331105526,259.2374267578125,92443400
2026-02-02,AAPL,259.7869174093499,269.7575988769531,73913400
2026-02-03,AAPL,268.9483513556569,269.22808837890625,64394700
2026-02-04,AAPL,272.03545112075,276.23150634765625,90545700
2026-02-05,AAPL,277.86999494352693,275.6520690917969,52977400
2026-02-06,AAPL,276.8609202349588,277.8599853515625,50453400
2026-02-09,AAPL,277.9100036621094,274.6199951171875,44623400
2026-02-10,AAPL,274.8900146484375,273.67999267578125,34376900
2026-02-11,AAPL,274.70001220703125,275.5,51931300
2026-02-12,AAPL,275.5899963378906,261.7300109863281,81077200
2026-02-13,AAPL,262.010009765625,255.77999877929688,56290700
2026-02-17,AAPL,258.04998779296875,263.8800048828125,58469100
2026-02-18,AAPL,263.6000061035156,264.3500061035156,34203300
2026-02-19,AAPL,262.6000061035156,260.5799865722656,30845300
2026-02-20,AAPL,258.9700012207031,264.5799865722656,42070500
2026-02-23,AAPL,263.489990234375,266.17999267578125,37308200
2026-02-24,AAPL,267.8599853515625,272.1400146484375,47014600
2026-02-25,AAPL,271.7799987792969,274.2300109863281,33714300
2026-02-26,AAPL,274.95001220703125,272.95001220703125,32345100
2026-02-27,AAPL,272.80999755859375,264.17999267578125,72366500
2026-03-02,AAPL,262.4100036621094,264.7200012207031,41827900
2026-03-03,AAPL,263.4800109863281,263.75,38568900
2026-03-04,AAPL,264.6499938964844,262.5199890136719,39803100
2026-03-05,AAPL,260.7900085449219,260.2900085449219,49658600
2026-03-06,AAPL,258.6300048828125,257.4599914550781,41120000
2026-03-09,AAPL,255.69000244140625,259.8800048828125,38218500
2026-03-10,AAPL,257.6499938964844,260.8299865722656,30590800
2026-03-11,AAPL,261.0899963378906,260.80999755859375,26218900
2026-03-12,AAPL,258.6600036621094,255.75999450683594,40794000
2026-03-13,AAPL,255.47999572753906,250.1199951171875,36930000
2026-03-16,AAPL,252.11000061035156,252.82000732421875,32074200
2026-03-17,AAPL,252.9600067138672,254.22999572753906,32361600
2026-03-18,AAPL,252.6300048828125,249.94000244140625,35757900
2026-03-19,AAPL,249.39999389648438,248.9600067138672,34864100
2026-03-20,AAPL,247.97999572753906,247.99000549316406,88331100
2026-03-23,AAPL,253.97000122070312,251.49000549316406,40546100
2026-03-24,AAPL,250.35000610351562,251.63999938964844,45152300
2026-03-25,AAPL,254.10000610351562,252.6199951171875,28476700
2026-03-26,AAPL,252.1199951171875,252.88999938964844,41796700
2026-03-27,AAPL,253.89999389648438,248.8000030517578,47900000
2026-03-30,AAPL,250.07000732421875,246.6300048828125,39446200
2026-03-31,AAPL,247.91000366210938,253.7899932861328,49598100
2026-04-01,AAPL,254.0800018310547,255.6300048828125,40059400
2026-04-02,AAPL,254.1999969482422,255.9199981689453,31289400
2026-01-05,TSLA,447.989990234375,451.6700134277344,67940800
2026-01-06,TSLA,446.3800048828125,432.9599914550781,89093800
2026-01-07,TSLA,435.8999938964844,431.4100036621094,59828800
2026-01-08,TSLA,427.8900146484375,435.79998779296875,57041100
2026-01-09,TSLA,435.95001220703125,445.010009765625,67331500
2026-01-12,TSLA,441.2300109863281,448.9599914550781,61649600
2026-01-13,TSLA,450.20001220703125,447.20001220703125,53719200
2026-01-14,TSLA,442.80999755859375,439.20001220703125,57259500
2026-01-15,TSLA,441.1300048828125,438.57000732421875,49465800
2026-01-16,TSLA,439.5,437.5,60220600
2026-01-20,TSLA,429.3599853515625,419.25,63187300
2026-01-21,TSLA,421.6600036621094,431.44000244140625,68124000
2026-01-22,TSLA,435.1600036621094,449.3599853515625,71546700
2026-01-23,TSLA,447.42999267578125,449.05999755859375,56771400
2026-01-26,TSLA,445.0,435.20001220703125,49397400
2026-01-27,TSLA,437.4100036621094,430.8999938964844,37733100
2026-01-28,TSLA,431.9100036621094,431.4599914550781,54857400
2026-01-29,TSLA,437.79998779296875,416.55999755859375,81686100
2026-01-30,TSLA,425.3500061035156,430.4100036621094,82626100
2026-02-02,TSLA,421.2900085449219,421.80999755859375,58739500
2026-02-03,TSLA,424.2699890136719,421.9599914550781,56886500
2026-02-04,TSLA,420.4599914550781,406.010009765625,74606900
2026-02-05,TSLA,397.0199890136719,397.2099914550781,72819800
2026-02-06,TSLA,400.8699951171875,411.1099853515625,62677100
2026-02-09,TSLA,409.9100036621094,417.32000732421875,54484300
2026-02-10,TSLA,418.0799865722656,425.2099914550781,64450200
2026-02-11,TSLA,427.9599914550781,428.2699890136719,57362000
2026-02-12,TSLA,430.29998779296875,417.07000732421875,61933400
2026-02-13,TSLA,414.30999755859375,417.44000244140625,51434100
2026-02-17,TSLA,412.3599853515625,410.6300048828125,59678800
2026-02-18,TSLA,411.1099853515625,411.32000732421875,45921400
2026-02-19,TSLA,407.25,411.7099914550781,51019600
2026-02-20,TSLA,408.29998779296875,411.82000732421875,57912200
2026-02-23,TSLA,407.2900085449219,399.8299865722656,69680000
2026-02-24,TSLA,399.5,409.3800048828125,58579500
2026-02-25,TSLA,412.1499938964844,417.3999938964844,54809700
2026-02-26,TSLA,414.4200134277344,408.5799865722656,53602500
2026-02-27,TSLA,402.94000244140625,402.510009765625,56890100
2026-03-02,TSLA,390.6000061035156,403.32000732421875,55088300
2026-03-03,TSLA,395.0899963378906,392.42999267578125,62617300
2026-03-04,TSLA,397.8500061035156,405.94000244140625,68305500
2026-03-05,TSLA,401.57000732421875,405.54998779296875,51925900
2026-03-06,TSLA,398.0899963378906,396.7300109863281,64054600
2026-03-09,TSLA,390.04998779296875,398.67999267578125,67018900
2026-03-10,TSLA,402.2200012207031,399.239990234375,59258700
2026-03-11,TSLA,402.2799987792969,407.82000732421875,62559900
2026-03-12,TSLA,405.17999267578125,395.010009765625,60973800
2026-03-13,TSLA,399.1700134277344,391.20001220703125,58504100
2026-03-16,TSLA,396.2200012207031,395.55999755859375,58068300
2026-03-17,TSLA,395.69000244140625,399.2699890136719,46890500
2026-03-18,TSLA,399.0,392.7799987792969,50853100
2026-03-19,TSLA,387.2699890136719,380.29998779296875,67078300
2026-03-20,TSLA,379.8500061035156,367.9599914550781,78628600
2026-03-23,TSLA,373.0899963378906,380.8500061035156,74606000
2026-03-24,TSLA,376.55999755859375,383.0299987792969,60004900
2026-03-25,TSLA,389.989990234375,385.95001220703125,55157300
2026-03-26,TSLA,381.6000061035156,372.1099853515625,55522900
2026-03-27,TSLA,369.69000244140625,361.8299865722656,62065700
2026-03-30,TSLA,365.8599853515625,355.2799987792969,67954400
2026-03-31,TSLA,361.510009765625,371.75,75534900
2026-04-01,TSLA,378.6300048828125,381.260009765625,58683800
2026-04-02,TSLA,364.20001220703125,360.5899963378906,83031200
2026-01-05,NVDA,191.74961996436147,188.1098175048828,183529700
2026-01-06,NVDA,190.50969495089785,187.22987365722656,176862600
2026-01-07,NVDA,188.55979791265688,189.09976196289062,153543200
2026-01-08,NVDA,189.09977067708235,185.0299835205078,172457000
2026-01-09,NVDA,185.06998015284367,184.84999084472656,131327500
2026-01-12,NVDA,183.2100845491025,184.92999267578125,137968500
2026-01-13,NVDA,184.9899882929175,185.79994201660156,160128900
2026-01-14,NVDA,184.3100252062831,183.1300811767578,159586100
2026-01-15,NVDA,186.48991316970114,187.03988647460938,206188600
2026-01-16,NVDA,189.06976141755646,186.21990966796875,187967200
2026-01-20,NVDA,181.89014292514364,178.06036376953125,223345300
2026-01-21,NVDA,179.04031586008543,183.31008911132812,200381000
2026-01-22,NVDA,184.7399951080077,184.82998657226562,139636600
2026-01-23,NVDA,187.48984685190618,187.6598358154297,142748100
2026-01-26,NVDA,187.1498802806874,186.4599151611328,124799600
2026-01-27,NVDA,187.22986667366473,188.50979614257812,143711600
2026-01-28,NVDA,191.25965707901594,191.5096435546875,148552700
2026-01-29,NVDA,191.32963792417547,192.49957275390625,171764400
2026-01-30,NVDA,191.19965692455457,191.11965942382812,179489500
2026-02-02,NVDA,187.1898706566695,185.59996032714844,165794100
2026-02-03,NVDA,186.22992037566058,180.33023071289062,204019600
2026-02-04,NVDA,179.45029148582987,174.18057250976562,207014100
2026-02-05,NVDA,174.92051964769362,171.87069702148438,206312900
2026-02-06,NVDA,176.6804343618602,185.39996337890625,231346200
2026-02-09,NVDA,184.25002288009932,190.0297088623047,196387400
2026-02-10,NVDA,191.36964298604585,188.52978515625,136764800
2026-02-11,NVDA,192.43958265041238,190.0397186279297,144192700
2026-02-12,NVDA,193.01955263160718,186.9298858642578,189932500
2026-02-13,NVDA,187.4698554447334,182.80010986328125,161888000
2026-02-17,NVDA,181.74016448672575,184.95999145507812,162276900
2026-02-18,NVDA,188.73978069812654,187.96981811523438,164749100
2026-02-19,NVDA,187.04988063530703,187.88983154296875,126554500
2026-02-20,NVDA,186.5599139825128,189.8097381591797,178422300
2026-02-23,NVDA,191.3896412925324,191.53964233398438,171584800
2026-02-24,NVDA,191.47964208446245,192.83956909179688,175123600
2026-02-25,NVDA,194.43946745531196,195.54940795898438,250637100
2026-02-26,NVDA,194.25948668244985,184.87998962402344,360807900
2026-02-27,NVDA,181.2401979138715,177.180419921875,311636500
2026-03-02,NVDA,175.00052620838028,182.47012329101562,209095300
2026-03-03,NVDA,178.4803396065267,180.04025268554688,178099400
2026-03-04,NVDA,180.4302401537762,183.03009033203125,177731200
2026-03-05,NVDA,181.1601973472636,183.330078125,198779700
2026-03-06,NVDA,179.83025866705609,177.8103790283203,189021900
2026-03-09,NVDA,176.82042919903367,182.64010620117188,177213600
2026-03-10,NVDA,182.39012758732315,184.760009765625,179118500
2026-03-11,NVDA,185.91000366210938,186.02999877929688,145280400
2026-03-12,NVDA,184.0500030517578,183.13999938964844,155762700
2026-03-13,NVDA,184.9199981689453,180.25,160988400
2026-03-16,NVDA,182.97000122070312,183.22000122070312,217307400
2026-03-17,NVDA,185.05999755859375,181.92999267578125,182497800
2026-03-18,NVDA,182.47999572753906,180.39999389648438,156683100
2026-03-19,NVDA,178.00999450683594,178.55999755859375,170968500
2026-03-20,NVDA,178.0,172.6999969482422,241323500
2026-03-23,NVDA,177.25999450683594,175.63999938964844,182836300
2026-03-24,NVDA,174.8300018310547,175.1999969482422,147667800
2026-03-25,NVDA,177.10000610351562,178.67999267578125,162602100
2026-03-26,NVDA,176.07000732421875,171.24000549316406,186152200
2026-03-27,NVDA,170.0,167.52000427246094,196212700
2026-03-30,NVDA,168.77999877929688,165.1699981689453,185627000
2026-03-31,NVDA,166.97000122070312,174.39999389648438,226181300
2026-04-01,NVDA,176.0,175.75,168132000
2026-04-02,NVDA,172.17999267578125,177.38999938964844,143143200
2026-01-05,MSFT,472.98042932285466,471.773193359375,25250300
2026-01-06,MSFT,472.72102257015473,477.4203186035156,23037700
2026-01-07,MSFT,478.6674756822987,482.3690185546875,25564200
2026-01-08,MSFT,480.14408679814625,477.0212097167969,18162600
2026-01-09,MSFT,472.9804540365218,478.1885681152344,18491000
2026-01-12,MSFT,475.5845048686955,476.09332275390625,23519900
2026-01-13,MSFT,473.5990225282599,469.5981750488281,28545800
2026-01-14,MSFT,465.39775666549855,458.3338928222656,28184300
2026-01-15,MSFT,463.0630900555096,455.6200866699219,23225800
2026-01-16,MSFT,456.78739866953146,458.8127746582031,34246700
2026-01-20,MSFT,450.1924514863621,453.48492431640625,26130000
2026-01-21,MSFT,451.56931960591265,443.0986328125,37980500
2026-01-22,MSFT,446.600636936346,450.1126403808594,25349400
2026-01-23,MSFT,450.8409629929935,464.888916015625,38000200
2026-01-26,MSFT,464.25036221183507,469.20904541015625,29291200
2026-01-27,MSFT,472.62128861771004,479.485595703125,29213900
2026-01-28,MSFT,482.10959164059926,480.533203125,36875400
2026-01-29,MSFT,438.98802836564175,432.5128173828125,128855300
2026-01-30,MSFT,438.1699022937122,429.31011962890625,58566800
2026-02-02,MSFT,429.2602343395754,422.4058837890625,42219900
2026-02-03,MSFT,421.0489834358989,410.2735595703125,61424100
2026-02-04,MSFT,410.0640575889883,413.2467956542969,45012400
2026-02-05,MSFT,406.51216038211834,392.7735290527344,66289200
2026-02-06,MSFT,398.2609865133262,400.22650146484375,53515300
2026-02-09,MSFT,403.9280678877113,412.65814208984375,45480500
2026-02-10,MSFT,418.66440278178237,412.328857421875,44857900
2026-02-11,MSFT,415.2322299614449,403.4491271972656,42491000
2026-02-12,MSFT,404.07770370563327,400.9248962402344,40802400
2026-02-13,MSFT,403.528974460687,400.4060974121094,34091600
2026-02-17,MSFT,398.31087932693146,395.95623779296875,32078800
2026-02-18,MSFT,397.2233488345012,398.69000244140625,23223400
2026-02-19,MSFT,400.69000244140625,398.4599914550781,28234000
2026-02-20,MSFT,396.1099853515625,397.2300109863281,34015200
2026-02-23,MSFT,395.0,384.4700012207031,43238300
2026-02-24,MSFT,384.1400146484375,389.0,33884700
2026-02-25,MSFT,390.5299987792969,400.6000061035156,43625500
2026-02-26,MSFT,404.7099914550781,401.7200012207031,34405900
2026-02-27,MSFT,390.8800048828125,392.739990234375,51367200
2026-03-02,MSFT,392.8599853515625,398.54998779296875,35474900
2026-03-03,MSFT,393.1400146484375,403.92999267578125,38199200
2026-03-04,MSFT,401.2699890136719,405.20001220703125,35808000
2026-03-05,MSFT,404.4200134277344,410.67999267578125,39001300
2026-03-06,MSFT,409.20001220703125,408.9599914550781,31123900
2026-03-09,MSFT,404.9200134277344,409.4100036621094,30131900
2026-03-10,MSFT,410.0299987792969,405.760009765625,31706400
2026-03-11,MSFT,405.57000732421875,404.8800048828125,25512100
2026-03-12,MSFT,404.6300048828125,401.8599853515625,27263900
2026-03-13,MSFT,401.0,395.54998779296875,26848000
2026-03-16,MSFT,398.07000732421875,399.95001220703125,27733700
2026-03-17,MSFT,400.2699890136719,399.4100036621094,26228300
2026-03-18,MSFT,397.1300048828125,391.7900085449219,25908500
2026-03-19,MSFT,390.1000061035156,389.0199890136719,25138800
2026-03-20,MSFT,386.7900085449219,381.8699951171875,50853200
2026-03-23,MSFT,383.8999938964844,383.0,29680100
2026-03-24,MSFT,382.3599853515625,372.739990234375,42733600
2026-03-25,MSFT,376.9200134277344,371.0400085449219,31181200
2026-03-26,MSFT,370.82000732421875,365.9700012207031,36836600
2026-03-27,MSFT,361.8999938964844,356.7699890136719,37883400
2026-03-30,MSFT,361.8999938964844,358.9599914550781,44797000
2026-03-31,MSFT,364.54998779296875,370.1700134277344,45244400
2026-04-01,MSFT,373.489990234375,369.3699951171875,29417200
2026-04-02,MSFT,367.2099914550781,373.4599914550781,24099100
2026-01-05,GOOGL,317.4365596004392,316.3173522949219,30195600
2026-01-06,GOOGL,316.17741436833177,314.1188659667969,31212100
2026-01-07,GOOGL,314.13884430323384,321.7535095214844,35104400
2026-01-08,GOOGL,328.7385750407063,325.2110595703125,31896100
2026-01-09,GOOGL,326.8598973489763,328.3388671875,26214200
2026-01-12,GOOGL,325.57079145505844,331.62652587890625,33923900
2026-01-13,GOOGL,334.7144015630273,335.7336730957031,33517600
2026-01-14,GOOGL,334.8243096530742,335.603759765625,28525600
2026-01-15,GOOGL,337.4124676651339,332.5458984375,28442400
2026-01-16,GOOGL,334.1747541117482,329.7678527832031,40341600
2026-01-20,GOOGL,320.6442885211675,321.77349853515625,35361000
2026-01-21,GOOGL,320.6942733516965,328.1490173339844,35386600
2026-01-22,GOOGL,334.2147483456718,330.3074951171875,26253600
2026-01-23,GOOGL,332.25610013077164,327.6993103027344,27280000
2026-01-26,GOOGL,327.5793954045391,333.02557373046875,26042100
2026-01-27,GOOGL,335.1340666902067,334.31463623046875,21636200
2026-01-28,GOOGL,335.82360375323316,335.7736511230469,27434400
2026-01-29,GOOGL,340.06060015063264,338.0120544433594,39785600
2026-01-30,GOOGL,339.76083067041884,337.7622375488281,31024000
2026-02-02,GOOGL,335.983495554882,343.4482421875,32006100
2026-02-03,GOOGL,347.09564553860224,339.47100830078125,36506700
2026-02-04,GOOGL,342.7187296036167,332.80572509765625,70618400
2026-02-05,GOOGL,312.0003564748562,331.0169677734375,88205800
2026-02-06,GOOGL,326.94984200428365,322.63287353515625,56380500
2026-02-09,GOOGL,320.70422803551696,324.09185791015625,39640100
2026-02-10,GOOGL,320.7441987510988,318.3558654785156,39170000
2026-02-11,GOOGL,318.7456164455411,310.7412414550781,45406400
2026-02-12,GOOGL,311.87044586439265,308.7826232910156,47761300
2026-02-13,GOOGL,307.5135396808651,305.50494384765625,38499700
2026-02-17,GOOGL,299.82893803190484,301.8075256347656,39247600
2026-02-18,GOOGL,301.87748970860525,303.1166076660156,28482100
2026-02-19,GOOGL,301.6076886754516,302.636962890625,25834400
2026-02-20,GOOGL,304.1059184917761,314.7584228515625,53210800
2026-02-23,GOOGL,318.82555353627805,311.2708740234375,31423000
2026-02-24,GOOGL,310.3015673465962,310.6813049316406,25615600
2026-02-25,GOOGL,311.84046520002283,312.67987060546875,29963600
2026-02-26,GOOGL,312.42009761480955,307.1637878417969,36431200
2026-02-27,GOOGL,303.92607541564644,311.54071044921875,44640600
2026-03-02,GOOGL,303.0166882830762,306.3043518066406,34790200
2026-03-03,GOOGL,298.37994467731505,303.3664245605469,35497000
2026-03-04,GOOGL,302.6769571429086,302.9167785644531,29536200
2026-03-05,GOOGL,302.82681905445145,300.6683349609375,35752300
2026-03-06,GOOGL,295.88171424137005,298.30999755859375,25576900
2026-03-09,GOOGL,294.3599853515625,306.3599853515625,29312100
2026-03-10,GOOGL,306.1700134277344,307.0400085449219,23239700
2026-03-11,GOOGL,306.75,308.70001220703125,24125700
2026-03-12,GOOGL,306.82000732421875,303.54998779296875,24928300
2026-03-13,GOOGL,307.010009765625,302.2799987792969,23693100
2026-03-16,GOOGL,304.3500061035156,305.55999755859375,23519700
2026-03-17,GOOGL,305.8599853515625,310.9200134277344,21955200
2026-03-18,GOOGL,309.2699890136719,307.69000244140625,20009800
2026-03-19,GOOGL,304.010009765625,307.1300048828125,25075800
2026-03-20,GOOGL,305.4599914550781,301.0,44364100
2026-03-23,GOOGL,302.1099853515625,302.05999755859375,29326900
2026-03-24,GOOGL,299.20001220703125,290.44000244140625,36864300
2026-03-25,GOOGL,293.44000244140625,290.92999267578125,29460700
2026-03-26,GOOGL,287.9100036621094,280.9200134277344,39080600
2026-03-27,GOOGL,277.2799987792969,274.3399963378906,35890600
2026-03-30,GOOGL,276.4200134277344,273.5,35141200
2026-03-31,GOOGL,278.0400085449219,287.55999755859375,43875400
2026-04-01,GOOGL,290.8399963378906,297.3900146484375,37684500
2026-04-02,GOOGL,290.69000244140625,295.7699890136719,21666500
2026-01-05,AMZN,228.83999633789062,233.05999755859375,49733300
2026-01-06,AMZN,232.10000610351562,240.92999267578125,53764700
2026-01-07,AMZN,239.61000061035156,241.55999755859375,42236500
2026-01-08,AMZN,243.05999755859375,246.2899932861328,39509800
2026-01-09,AMZN,244.57000732421875,247.3800048828125,34560000
2026-01-12,AMZN,246.72999572753906,246.47000122070312,35867800
2026-01-13,AMZN,246.52999877929688,242.60000610351562,38371800
2026-01-14,AMZN,241.14999389648438,236.64999389648438,41410600
2026-01-15,AMZN,239.30999755859375,238.17999267578125,43003600
2026-01-16,AMZN,239.08999633789062,239.1199951171875,45888300
2026-01-20,AMZN,233.75999450683594,231.0,47737900
2026-01-21,AMZN,231.08999633789062,231.30999755859375,47276100
2026-01-22,AMZN,234.0500030517578,234.33999633789062,31913300
2026-01-23,AMZN,234.9600067138672,239.16000366210938,33778500
2026-01-26,AMZN,239.97999572753906,238.4199981689453,32825500
2026-01-27,AMZN,239.69000244140625,244.67999267578125,38029200
2026-01-28,AMZN,246.3699951171875,243.00999450683594,40882700
2026-01-29,AMZN,242.82000732421875,241.72999572753906,47229600
2026-01-30,AMZN,239.88999938964844,239.3000030517578,46585000
2026-02-02,AMZN,238.30999755859375,242.9600067138672,37546100
2026-02-03,AMZN,244.97999572753906,238.6199951171875,53831300
2026-02-04,AMZN,238.86000061035156,232.99000549316406,51299900
2026-02-05,AMZN,224.91000366210938,222.69000244140625,103509200
2026-02-06,AMZN,202.6999969482422,210.32000732421875,179210900
2026-02-09,AMZN,208.97000122070312,208.72000122070312,91178400
2026-02-10,AMZN,208.8000030517578,206.9600067138672,67175000
2026-02-11,AMZN,208.05999755859375,204.0800018310547,65545500
2026-02-12,AMZN,203.9600067138672,199.60000610351562,83975400
2026-02-13,AMZN,198.8800048828125,198.7899932861328,66321600
2026-02-17,AMZN,198.1300048828125,201.14999389648438,69879200
2026-02-18,AMZN,202.07000732421875,204.7899932861328,51003300
2026-02-19,AMZN,203.8000030517578,204.86000061035156,35669600
2026-02-20,AMZN,204.75999450683594,210.11000061035156,65881600
2026-02-23,AMZN,208.10000610351562,205.27000427246094,53581500
2026-02-24,AMZN,205.47000122070312,208.55999755859375,41137200
2026-02-25,AMZN,210.4600067138672,210.63999938964844,41346400
2026-02-26,AMZN,210.72999572753906,207.9199981689453,47756800
2026-02-27,AMZN,206.8300018310547,210.0,57422800
2026-03-02,AMZN,204.5500030517578,208.38999938964844,46001000
2026-03-03,AMZN,203.10000610351562,208.72999572753906,43184900
2026-03-04,AMZN,210.47000122070312,216.82000732421875,54731100
2026-03-05,AMZN,215.97999572753906,218.94000244140625,60943400
2026-03-06,AMZN,214.99000549316406,213.2100067138672,51152700
2026-03-09,AMZN,210.4499969482422,213.49000549316406,54642900
2026-03-10,AMZN,214.19000244140625,214.3300018310547,35678800
2026-03-11,AMZN,215.7100067138672,212.64999389648438,34199300
2026-03-12,AMZN,210.38999938964844,209.52999877929688,44349500
2026-03-13,AMZN,209.61000061035156,207.6699981689453,35662100
2026-03-16,AMZN,208.35000610351562,211.74000549316406,42209300
2026-03-17,AMZN,212.82000732421875,215.1999969482422,44969900
2026-03-18,AMZN,213.92999267578125,209.8699951171875,37846600
2026-03-19,AMZN,207.05999755859375,208.75999450683594,36440600
2026-03-20,AMZN,207.39999389648438,205.3699951171875,63694600
2026-03-23,AMZN,209.7899932861328,210.13999938964844,44277400
2026-03-24,AMZN,207.9499969482422,207.24000549316406,35351400
2026-03-25,AMZN,211.55999755859375,211.7100067138672,36388800
2026-03-26,AMZN,210.61000061035156,207.5399932861328,46746000
2026-03-27,AMZN,206.4600067138672,199.33999633789062,56009800
2026-03-30,AMZN,201.47999572753906,200.9499969482422,46373800
2026-03-31,AMZN,204.85000610351562,208.27000427246094,58470100
2026-04-01,AMZN,210.44000244140625,210.57000732421875,45955400
2026-04-02,AMZN,206.5399932861328,209.77000427246094,31453000
2026-01-05,META,650.4531272549772,658.2264404296875,12213700
2026-01-06,META,659.0057810200069,660.0548706054688,11074400
2026-01-07,META,655.0791375151089,648.1350708007812,12846300
2026-01-08,META,645.3274855180696,645.50732421875,11921700
2026-01-09,META,644.8878661181845,652.5013427734375,11634900
2026-01-12,META,651.9718010113269,641.4207763671875,14797200
2026-01-13,META,641.720599826752,630.5501708984375,18030400
2026-01-14,META,625.9640568168747,614.9934692382812,15527900
2026-01-15,META,617.9508982377323,620.2689208984375,13076100
2026-01-16,META,623.6460522405506,619.7194213867188,17012500
2026-01-20,META,607.3600037753715,603.6032104492188,15169600
2026-01-21,META,606.2209580964126,612.4356689453125,14494700
2026-01-22,META,628.811597152667,647.0759887695312,21394700
2026-01-23,META,644.2184496993522,658.1964721679688,22797700
2026-01-26,META,664.5609947255355,671.7847900390625,16327400
2026-01-27,META,674.0129574053085,672.394287109375,13297400
2026-01-28,META,673.9229813666298,668.1578979492188,25709600
2026-01-29,META,736.7991536844581,737.6784057617188,59852900
2026-01-30,META,726.8776752394725,715.8870849609375,23744600
2026-02-02,META,713.9886602426056,705.8056640625,14365200
2026-02-03,META,706.7648539132639,691.1082763671875,13760700
2026-02-04,META,687.1416843315144,668.417724609375,16882800
2026-02-05,META,663.0123852284637,669.63671875,17131800
2026-02-06,META,664.920685797671,660.8941650390625,18159300
2026-02-09,META,662.6126578425271,676.640625,14837500
2026-02-10,META,677.0202983345941,670.1461791992188,10455800
2026-02-11,META,673.4234361526849,668.1179809570312,14323800
2026-02-12,META,669.3968787035581,649.254150390625,14960100
2026-02-13,META,644.5481137374378,639.2227172851562,12336400
2026-02-17,META,638.952945338547,638.7431030273438,12674700
2026-02-18,META,633.2578140286595,642.6697387695312,14649200
2026-02-19,META,638.0237449576674,644.2284545898438,10035700
2026-02-20,META,639.1428111159805,655.09912109375,14183500
2026-02-23,META,651.9817939677475,636.7048950195312,8605900
2026-02-24,META,632.5384628258726,638.7531127929688,10135600
2026-02-25,META,641.9803720795121,653.1307983398438,11330700
2026-02-26,META,649.9935020296807,656.447998046875,10637700
2026-02-27,META,642.8995542116262,647.62548828125,15703000
2026-03-02,META,636.6149203669017,653.0009155273438,9816100
2026-03-03,META,647.7354225434952,654.5196533203125,12263800
2026-03-04,META,657.397151925757,667.1587524414062,10810100
2026-03-05,META,661.363765843265,660.0049438476562,13341400
2026-03-06,META,647.3457881163396,644.308349609375,13159400
2026-03-09,META,634.2369839533108,646.836181640625,13489700
2026-03-10,META,653.0009245574777,653.510498046875,9859300
2026-03-11,META,654.1999146227295,654.2998046875,8977200
2026-03-12,META,648.1950599902964,637.6340942382812,11617500
2026-03-13,META,623.3562813254467,613.1849975585938,18957600
2026-03-16,META,632.0,627.4500122070312,15134900
2026-03-17,META,627.989990234375,622.6599731445312,10348800
2026-03-18,META,616.3400268554688,615.6799926757812,11726300
2026-03-19,META,612.1500244140625,606.7000122070312,13247700
2026-03-20,META,603.530029296875,593.6599731445312,21214900
2026-03-23,META,605.7899780273438,604.0599975585938,13638000
2026-03-24,META,599.0999755859375,592.9199829101562,10739700
2026-03-25,META,598.739990234375,594.8900146484375,12585000
2026-03-26,META,582.489990234375,547.5399780273438,35780100
2026-03-27,META,540.0999755859375,525.719970703125,30133000
2026-03-30,META,536.3800048828125,536.3800048828125,22795200
2026-03-31,META,549.97998046875,572.1300048828125,32898300
2026-04-01,META,580.1300048828125,579.22998046875,23608100
2026-04-02,META,566.0399780273438,574.4600219726562,13518500
2026-01-05,AMD,230.25,221.0800018310547,31941100
2026-01-06,AMD,222.7100067138672,214.35000610351562,40033200
2026-01-07,AMD,212.1300048828125,210.02000427246094,29715500
2026-01-08,AMD,210.89999389648438,204.67999267578125,27505000
2026-01-09,AMD,205.72000122070312,203.1699981689453,24217300
2026-01-12,AMD,201.17999267578125,207.69000244140625,27287300
2026-01-13,AMD,215.10000610351562,220.97000122070312,56894900
2026-01-14,AMD,217.5399932861328,223.60000610351562,40466500
2026-01-15,AMD,227.89999389648438,227.9199981689453,55270200
2026-01-16,AMD,234.3000030517578,231.8300018310547,42545600
2026-01-20,AMD,226.0800018310547,231.9199981689453,44327700
2026-01-21,AMD,235.99000549316406,249.8000030517578,62385600
2026-01-22,AMD,251.75,253.72999572753906,37945000
2026-01-23,AMD,261.17999267578125,259.67999267578125,47525900
2026-01-26,AMD,256.75,251.30999755859375,30672500
2026-01-27,AMD,252.16000366210938,252.02999877929688,25691600
2026-01-28,AMD,254.1300048828125,252.74000549316406,27061200
2026-01-29,AMD,254.66000366210938,252.17999267578125,31685200
2026-01-30,AMD,236.92999267578125,236.72999572753906,40035700
2026-02-02,AMD,235.77000427246094,246.27000427246094,36308100
2026-02-03,AMD,251.5500030517578,242.11000061035156,53097100
2026-02-04,AMD,215.0,200.19000244140625,107173300
2026-02-05,AMD,201.86000061035156,192.5,62196400
2026-02-06,AMD,197.1300048828125,208.44000244140625,54504500
2026-02-09,AMD,206.89999389648438,216.0,38810800
2026-02-10,AMD,215.13999938964844,213.57000732421875,25326700
2026-02-11,AMD,217.8800048828125,213.5800018310547,33384700
2026-02-12,AMD,215.8300018310547,205.94000244140625,32181000
2026-02-13,AMD,204.02000427246094,207.32000732421875,26123900
2026-02-17,AMD,202.14999389648438,203.0800018310547,33712100
2026-02-18,AMD,198.41000366210938,200.1199951171875,35664100
2026-02-19,AMD,200.11000061035156,203.3699951171875,25842300
2026-02-20,AMD,200.1199951171875,200.14999389648438,36317300
2026-02-23,AMD,198.08999633789062,196.60000610351562,28187900
2026-02-24,AMD,211.6300048828125,213.83999633789062,81367000
2026-02-25,AMD,214.82000732421875,210.86000061035156,44588100
2026-02-26,AMD,208.8000030517578,203.67999267578125,35020500
2026-02-27,AMD,200.11000061035156,200.2100067138672,31312400
2026-03-02,AMD,193.85000610351562,198.6199951171875,34120200
2026-03-03,AMD,191.4600067138672,190.9499969482422,37785700
2026-03-04,AMD,192.1199951171875,202.07000732421875,40912600
2026-03-05,AMD,197.77000427246094,199.4499969482422,36000700
2026-03-06,AMD,195.27000427246094,192.42999267578125,33913800
2026-03-09,AMD,189.36000061035156,202.67999267578125,38877200
2026-03-10,AMD,202.50999450683594,203.22999572753906,29139200
2026-03-11,AMD,205.11000061035156,204.8300018310547,23076400
2026-03-12,AMD,202.8300018310547,197.74000549316406,28886900
2026-03-13,AMD,198.11000061035156,193.38999938964844,27561900
2026-03-16,AMD,194.97999572753906,196.5800018310547,30285200
2026-03-17,AMD,196.67999267578125,196.30999755859375,22779700
2026-03-18,AMD,196.0,199.4600067138672,28569100
2026-03-19,AMD,195.02999877929688,205.27000427246094,32245300
2026-03-20,AMD,204.88999938964844,201.3300018310547,37265100
2026-03-23,AMD,206.39999389648438,202.67999267578125,31857800
2026-03-24,AMD,201.38999938964844,205.3699951171875,27258800
2026-03-25,AMD,211.50999450683594,220.27000427246094,48518300
2026-03-26,AMD,217.97999572753906,203.77000427246094,49213000
2026-03-27,AMD,201.77000427246094,201.99000549316406,29206600
2026-03-30,AMD,204.9499969482422,196.0399932861328,41053300
2026-03-31,AMD,198.0500030517578,203.42999267578125,42318700
2026-04-01,AMD,207.58999633789062,210.2100067138672,40835800
2026-04-02,AMD,204.0500030517578,217.5,38463500
